{"type":"minecraft:jigsaw","biomes":["minecraft:forest","minecraft:plains","minecraft:meadow","regions_unexplored:highland_fields","regions_unexplored:grassland","biomeswevegone:ironwood_gour","biomeswevegone:orchard","biomeswevegone:prairie","regions_unexplored:clover_plains","regions_unexplored:shrubland","regions_unexplored:steppe","biomeswevegone:baobab_savanna","biomeswevegone:coconino_meadow"],"step":"surface_structures","spawn_overrides":{},"terrain_adaptation":"beard_box","start_pool":"tokimis_terrain:medium_campsite","size":1,"start_height":{"absolute":0},"project_start_to_heightmap":"WORLD_SURFACE_WG","max_distance_from_center":80,"use_expansion_hack":false}